[{"id":3,"courseID":2,"personID":1,"state":1,"time":1530528230517},{"id":4,"courseID":5,"personID":1,"state":1,"time":1530528308118},{"id":5,"courseID":3,"personID":1,"state":1,"time":1530528538781},{"id":7,"courseID":4,"personID":1,"state":1,"time":1530528810492},{"id":9,"courseID":10,"personID":1,"state":1,"time":1530528981605},{"id":10,"courseID":14,"personID":1,"state":1,"time":1530529404482},{"id":11,"courseID":20,"personID":1,"state":1,"time":1530529407902},{"id":12,"courseID":1,"personID":1,"state":0,"time":1543765178900},{"id":13,"courseID":29,"personID":1,"state":0,"time":1543765219715},{"id":14,"courseID":10,"personID":1,"state":0,"time":1543765277972}]